{
    "users": {
        "nX0sLYaRWXg2DHQsXKB0jeCM4f33": {
            "tasks": {
                "1": {
                    "title": "Geography Task 1",
                    "description": "Description for Geography Task 1",
                    "subject": "Geography",
                    "priority": "high",
                    "dueDate": "2025-10-01T00:00:00Z",
                    "estimatedTime": 5,
                    "actualTime": 4,
                    "progress": 44,
                    "status": "pending"
                },
                "2": {
                    "title": "Chemistry Task 2",
                    "description": "Description for Chemistry Task 2",
                    "subject": "Chemistry",
                    "priority": "medium",
                    "dueDate": "2025-10-03T00:00:00Z",
                    "estimatedTime": 5,
                    "actualTime": 2,
                    "progress": 32,
                    "status": "in-progress"
                },
                "3": {
                    "title": "Physics Task 3",
                    "description": "Description for Physics Task 3",
                    "subject": "Physics",
                    "priority": "medium",
                    "dueDate": "2025-09-19T00:00:00Z",
                    "estimatedTime": 4,
                    "actualTime": 0,
                    "progress": 84,
                    "status": "pending"
                },
                "4": {
                    "title": "Other Task 4",
                    "description": "Description for Other Task 4",
                    "subject": "Other",
                    "priority": "medium",
                    "dueDate": "2025-10-08T00:00:00Z",
                    "estimatedTime": 2,
                    "actualTime": 2,
                    "progress": 39,
                    "status": "pending"
                },
                "5": {
                    "title": "English Task 5",
                    "description": "Description for English Task 5",
                    "subject": "English",
                    "priority": "low",
                    "dueDate": "2025-09-24T00:00:00Z",
                    "estimatedTime": 4,
                    "actualTime": 2,
                    "progress": 56,
                    "status": "in-progress"
                },
                "6": {
                    "title": "Other Task 6",
                    "description": "Description for Other Task 6",
                    "subject": "Other",
                    "priority": "medium",
                    "dueDate": "2025-10-09T00:00:00Z",
                    "estimatedTime": 3,
                    "actualTime": 1,
                    "progress": 74,
                    "status": "in-progress"
                },
                "7": {
                    "title": "English Task 7",
                    "description": "Description for English Task 7",
                    "subject": "English",
                    "priority": "medium",
                    "dueDate": "2025-09-15T00:00:00Z",
                    "estimatedTime": 5,
                    "actualTime": 5,
                    "progress": 100,
                    "status": "completed"
                },
                "8": {
                    "title": "Biology Task 8",
                    "description": "Description for Biology Task 8",
                    "subject": "Biology",
                    "priority": "low",
                    "dueDate": "2025-10-09T00:00:00Z",
                    "estimatedTime": 5,
                    "actualTime": 4,
                    "progress": 84,
                    "status": "pending"
                },
                "9": {
                    "title": "English Task 9",
                    "description": "Description for English Task 9",
                    "subject": "English",
                    "priority": "high",
                    "dueDate": "2025-10-02T00:00:00Z",
                    "estimatedTime": 5,
                    "actualTime": 2,
                    "progress": 0,
                    "status": "in-progress"
                },
                "10": {
                    "title": "Physics Task 10",
                    "description": "Description for Physics Task 10",
                    "subject": "Physics",
                    "priority": "low",
                    "dueDate": "2025-09-26T00:00:00Z",
                    "estimatedTime": 5,
                    "actualTime": 3,
                    "progress": 54,
                    "status": "in-progress"
                },
                "11": {
                    "title": "Computer Science Task 11",
                    "description": "Description for Computer Science Task 11",
                    "subject": "Computer Science",
                    "priority": "high",
                    "dueDate": "2025-09-28T00:00:00Z",
                    "estimatedTime": 5,
                    "actualTime": 2,
                    "progress": 13,
                    "status": "pending"
                },
                "12": {
                    "title": "Geography Task 12",
                    "description": "Description for Geography Task 12",
                    "subject": "Geography",
                    "priority": "low",
                    "dueDate": "2025-10-08T00:00:00Z",
                    "estimatedTime": 3,
                    "actualTime": 2,
                    "progress": 12,
                    "status": "pending"
                },
                "13": {
                    "title": "Geography Task 13",
                    "description": "Description for Geography Task 13",
                    "subject": "Geography",
                    "priority": "low",
                    "dueDate": "2025-09-15T00:00:00Z",
                    "estimatedTime": 4,
                    "actualTime": 4,
                    "progress": 100,
                    "status": "completed"
                },
                "14": {
                    "title": "Physics Task 14",
                    "description": "Description for Physics Task 14",
                    "subject": "Physics",
                    "priority": "medium",
                    "dueDate": "2025-09-16T00:00:00Z",
                    "estimatedTime": 1,
                    "actualTime": 0,
                    "progress": 10,
                    "status": "pending"
                },
                "15": {
                    "title": "Geography Task 15",
                    "description": "Description for Geography Task 15",
                    "subject": "Geography",
                    "priority": "high",
                    "dueDate": "2025-09-28T00:00:00Z",
                    "estimatedTime": 1,
                    "actualTime": 1,
                    "progress": 20,
                    "status": "in-progress"
                },
                "16": {
                    "title": "Physics Task 16",
                    "description": "Description for Physics Task 16",
                    "subject": "Physics",
                    "priority": "high",
                    "dueDate": "2025-10-09T00:00:00Z",
                    "estimatedTime": 3,
                    "actualTime": 2,
                    "progress": 83,
                    "status": "pending"
                },
                "17": {
                    "title": "History Task 17",
                    "description": "Description for History Task 17",
                    "subject": "History",
                    "priority": "medium",
                    "dueDate": "2025-09-24T00:00:00Z",
                    "estimatedTime": 5,
                    "actualTime": 0,
                    "progress": 12,
                    "status": "in-progress"
                },
                "18": {
                    "title": "Biology Task 18",
                    "description": "Description for Biology Task 18",
                    "subject": "Biology",
                    "priority": "low",
                    "dueDate": "2025-10-02T00:00:00Z",
                    "estimatedTime": 4,
                    "actualTime": 0,
                    "progress": 65,
                    "status": "pending"
                },
                "19": {
                    "title": "Other Task 19",
                    "description": "Description for Other Task 19",
                    "subject": "Other",
                    "priority": "medium",
                    "dueDate": "2025-09-29T00:00:00Z",
                    "estimatedTime": 2,
                    "actualTime": 0,
                    "progress": 38,
                    "status": "in-progress"
                },
                "20": {
                    "title": "Computer Science Task 20",
                    "description": "Description for Computer Science Task 20",
                    "subject": "Computer Science",
                    "priority": "high",
                    "dueDate": "2025-10-09T00:00:00Z",
                    "estimatedTime": 5,
                    "actualTime": 4,
                    "progress": 57,
                    "status": "in-progress"
                },
                "21": {
                    "title": "Physics Task 21",
                    "description": "Description for Physics Task 21",
                    "subject": "Physics",
                    "priority": "high",
                    "dueDate": "2025-10-01T00:00:00Z",
                    "estimatedTime": 1,
                    "actualTime": 0,
                    "progress": 84,
                    "status": "in-progress"
                },
                "22": {
                    "title": "Other Task 22",
                    "description": "Description for Other Task 22",
                    "subject": "Other",
                    "priority": "medium",
                    "dueDate": "2025-09-22T00:00:00Z",
                    "estimatedTime": 3,
                    "actualTime": 0,
                    "progress": 48,
                    "status": "in-progress"
                },
                "23": {
                    "title": "Mathematics Task 23",
                    "description": "Description for Mathematics Task 23",
                    "subject": "Mathematics",
                    "priority": "low",
                    "dueDate": "2025-10-03T00:00:00Z",
                    "estimatedTime": 3,
                    "actualTime": 2,
                    "progress": 85,
                    "status": "in-progress"
                },
                "24": {
                    "title": "Physics Task 24",
                    "description": "Description for Physics Task 24",
                    "subject": "Physics",
                    "priority": "low",
                    "dueDate": "2025-10-09T00:00:00Z",
                    "estimatedTime": 1,
                    "actualTime": 0,
                    "progress": 72,
                    "status": "pending"
                },
                "25": {
                    "title": "Biology Task 25",
                    "description": "Description for Biology Task 25",
                    "subject": "Biology",
                    "priority": "medium",
                    "dueDate": "2025-09-27T00:00:00Z",
                    "estimatedTime": 3,
                    "actualTime": 2,
                    "progress": 25,
                    "status": "pending"
                },
                "26": {
                    "title": "Other Task 26",
                    "description": "Description for Other Task 26",
                    "subject": "Other",
                    "priority": "low",
                    "dueDate": "2025-09-23T00:00:00Z",
                    "estimatedTime": 5,
                    "actualTime": 5,
                    "progress": 100,
                    "status": "completed"
                },
                "27": {
                    "title": "English Task 27",
                    "description": "Description for English Task 27",
                    "subject": "English",
                    "priority": "low",
                    "dueDate": "2025-10-02T00:00:00Z",
                    "estimatedTime": 5,
                    "actualTime": 1,
                    "progress": 38,
                    "status": "pending"
                },
                "28": {
                    "title": "Physics Task 28",
                    "description": "Description for Physics Task 28",
                    "subject": "Physics",
                    "priority": "medium",
                    "dueDate": "2025-09-17T00:00:00Z",
                    "estimatedTime": 1,
                    "actualTime": 0,
                    "progress": 28,
                    "status": "in-progress"
                },
                "29": {
                    "title": "Computer Science Task 29",
                    "description": "Description for Computer Science Task 29",
                    "subject": "Computer Science",
                    "priority": "high",
                    "dueDate": "2025-09-27T00:00:00Z",
                    "estimatedTime": 5,
                    "actualTime": 5,
                    "progress": 100,
                    "status": "completed"
                },
                "30": {
                    "title": "Geography Task 30",
                    "description": "Description for Geography Task 30",
                    "subject": "Geography",
                    "priority": "medium",
                    "dueDate": "2025-09-18T00:00:00Z",
                    "estimatedTime": 2,
                    "actualTime": 2,
                    "progress": 100,
                    "status": "completed"
                }
            }
        }
    }
}